CALL_SIGN,FLAG,SHIP_TYPE,ETA_TIME,ETD_TIME,CURRENT_LOCATION,VESSEL_MAX_DRAFT,NEXT_PORT,PASI,VESSEL_NAME,AGENT_NAME,BERTH,LAST_PORT,WEATHER_IMPACT_PCT,CONGESTION_IMPACT_PCT,EFFECTIVENESS_SCORE,RELIABILITY_SCORE,WORK_ENV_SCORE
BPIU9,CHINA,LIQUIFIED PETROLEUM GAS TANKER,2025/05/14 17:00,2025/05/12 11:43,SHELL,6.0,"DONGGUAN, GD",RCVD,HONG JING,S5 ASIA LIMITED,SHELL,"DONGGUAN, GD",0.0,0.0,0.672,0.573,0.516
V7A6349,MARSHALL ISLANDS,CONTAINER,2025/05/14 17:00,2025/05/15 10:11,KC6,7.7,"SHEKOU, SHENZHEN",RCVD,TS SURABAYA,T.S. LINES LIMITED,KC6,"NANSHA, PANYU",27.91,22.09,0.83,0.515,0.531
3EUL8,PANAMA,CONTAINER,2025/05/14 21:00,2025/05/15 18:00,KC7,10.3,"YANTIAN, SHENZHEN",RCVD,EVER BIRTH,EVERGREEN MARINE (HONG KONG) LTD,KC7,KUANTAN,22.51,26.98,1.0,0.772,0.44
VRFQ5,"HONG KONG, CHINA",BULK/ WOODCHIP/ CEMENT/ ORE CARRIER,2025/05/14 22:00,2025/05/15 22:00,SELA,8.6,PORT HEDLAND,RCVD,OCEAN DUKE,SGS HONG KONG LIMITED,SELA,"LUOYUAN, FJ",24.02,26.88,0.653,0.836,0.681
V7PS7,MARSHALL ISLANDS,CONTAINER,2025/05/14 21:30,2025/05/15 08:00,KC5,11.5,QINGDAO,RCVD,HYUNDAI FAITH,HMM (HONG KONG) LIMITED,KC5,SINGAPORE,30.48,14.16,0.809,0.845,0.585
3FDY9,PANAMA,CONTAINER,2025/05/14 21:30,2025/05/15 08:30,KC9,9.4,HO CHI MINH CITY,RCVD,KMTC GWANGYANG,KMTC (HK) CO LIMITED,KC9,ULSAN,29.91,15.03,0.607,0.554,0.216
9HA5502,MALTA,CONTAINER,2025/05/12 21:00,2025/05/13 13:00,S,13.3,"NINGBO, ZJ",RCVD,CMA CGM DIGNITY,CMA CGM (HONG KONG) LIMITED,SELA,BUSAN,22.79,24.26,0.748,0.429,0.612
3E4122,PANAMA,"TANKER (CRUDE,FUEL,DIESEL,LUB)",2025/05/15 06:00,2025/05/15 23:55,SLA,6.9,VUNGTAU,RCVD,SHOKAI ,INCHCAPE SHIPPING SERVICES (HK) LTD,SLA,"OTHER, CHINA (COAST)",16.73,35.24,0.588,,0.66
9V6015,SINGAPORE,CONTAINER,2025/05/15 01:00,2025/05/15 10:30,KC,9.7,KEELUNG,RCVD,MAERSK QINZHOU,PENAVICO (HONG KONG) LIMITED,KC19,DANANG,26.41,21.57,1.0,0.482,0.977
3FXG8,PANAMA,CONTAINER,2025/05/14 07:00,2025/05/15 13:00,KC10,7.6,"QINZHOU, GX",RCVD,FENGYUNHE,COSCO SHIPPING CONTAINER LINE AGENCIES LIMITED,KC10,"YANTIAN, GD",20.48,29.74,0.497,0.636,0.593
VRFO2,"HONG KONG, CHINA",CONTAINER,2025/05/15 05:30,2025/05/15 20:00,WA,10.3,BRISBANE,RCVD,MAERSK NINGBO,SINOTRANS (HK) SHIPPING LTD,KC19,"SHANGHAI, SH",17.99,31.68,0.763,0.851,0.366
VRVS3,"HONG KONG, CHINA",CONTAINER,2025/05/15 09:00,2025/05/16 10:00,ELC,11.5,"TIANJIN XINGANG, TJ",RCVD,COSCO SHIPPING BRAZIL,COSCO SHIPPING CONTAINER LINE AGENCIES LIMITED,KC14,SINGAPORE,21.28,26.13,0.497,0.636,0.593
5LHO2,LIBERIA,CONTAINER,2025/05/15 06:30,2025/05/15 15:00,PT,9.3,"SHANGHAI, SH",RCVD,AVIOS,SINOTRANS (HK) SHIPPING LTD,KC4,LAEM CHABANG,11.8,39.92,0.763,0.851,0.366
VRAB8,"HONG KONG, CHINA",CONTAINER,2025/05/15 06:00,2025/05/15 18:00,E,9.8,"NINGBO, ZJ",RCVD,CSCL ASIA,COSCO SHIPPING CONTAINER LINE AGENCIES LIMITED,KC13,"DALIAN, LN",13.54,39.27,0.497,0.636,0.593
BQXZ,CHINA,CONTAINER,2025/05/15 09:00,2025/05/15 15:00,E,7.1,"SHEKOU, SHENZHEN",RCVD,HAI SU 6,SINOTRANS (HK) SHIPPING LTD,CMTY,"SHANTOU, GD",14.23,44.93,0.763,0.851,0.366
V7A7425,MARSHALL ISLANDS,CONTAINER,2025/05/15 09:00,2025/05/15 11:08,E,7.4,"XINGANG, TIANJIN, TJ",RCVD,TS PUSAN,T.S. LINES LIMITED,KC7,MANILA,12.8,49.39,0.83,0.515,0.531
VRSL6,"HONG KONG, CHINA",CONTAINER,2025/05/15 08:30,2025/05/15 22:00,S,10.0,LAE,RCVD,LAUTOKA CHIEF,WALLEM SHIPPING (HK) LTD,KC2,"NANSHA, PANYU",20.31,34.51,0.993,0.722,0.758
3E4035,PANAMA,BULK/ WOODCHIP/ CEMENT/ ORE CARRIER,2025/05/15 14:30,2025/05/16 09:00,W,7.0,GERALDTON,RCVD,GREEN POWER,GULF AGENCY CO (HK) LTD,SELA,"ZHUHAI, GD",24.59,23.06,0.317,0.411,1.0
3E7638,PANAMA,CONTAINER,2025/05/16 00:00,2025/05/15 23:00,W,7.0,"ZHUHAI, GD",RCVD,HONG DA XIN 758,CONCORD MARINE LIMITED,SWLA,"NANSHA, PANYU",0.0,0.0,1.0,0.721,0.614
BOAM7,CHINA,CONTAINER,2025/05/10 14:30,2025/05/11 00:00,S,6.6,HAIPHONG,RCVD,ZHONG GU DONG HAI,PENAVICO (HONG KONG) LIMITED,KC6,OPEN SEA,24.38,27.86,1.0,0.482,0.977
VRTT8,"HONG KONG, CHINA",CONTAINER,2025/05/16 03:30,2025/05/16 14:30,KC17,9.05,KAOHSIUNG,RCVD,NICOLAI MAERSK,SINOTRANS (HK) SHIPPING LTD,KC19,"NANSHAN, SHENZHEN",21.01,30.06,0.763,0.851,0.366
3FMG7,PANAMA,CONTAINER,2025/05/13 17:30,2025/05/14 23:00,KC8,12.8,"YANTIAN, SHENZHEN",RCVD,TEXAS TRIUMPH,EVERGREEN MARINE (HONG KONG) LTD,KC8,KAOHSIUNG,23.25,23.76,1.0,0.772,0.44
3E6682,PANAMA,GENERAL / HEAVY LIFT CARGO,2025/05/13 00:00,2025/05/14 04:00,W,7.0,KAOHSIUNG,RCVD,CHANG SHENG JI 7,CONCORD MARINE LIMITED,SELA,"SHANGHAI, SH",23.95,24.29,1.0,0.721,0.614
BLIG,"TAIWAN, CHINA",CONTAINER,2025/05/13 20:00,2025/05/14 09:00,KC14,8.5,HAIPHONG,RCVD,YM HARMONY,YANG MING LINE (HONG KONG) LTD,KC14,KAOHSIUNG,29.14,16.39,0.456,0.55,0.91
DSOA9,REPUBLIC OF KOREA,CONTAINER,2025/05/12 14:00,2025/05/14 12:00,WA,9.4,KEELUNG,RCVD,KMTC SINGAPORE,KMTC (HK) CO LIMITED,KC12,LAEM CHABANG,23.78,24.74,0.607,0.554,0.216
VREU8,"HONG KONG, CHINA","TANKER (CRUDE,FUEL,DIESEL,LUB)",2025/05/11 09:00,2025/05/14 23:59,SHELL,8.7,SINGAPORE,RCVD,SC LIAONING,GULF AGENCY CO (HK) LTD,SLA,DAESAN,22.32,27.78,0.317,0.411,1.0
A8VG2,LIBERIA,CONTAINER,2025/05/13 23:00,2025/05/14 10:00,KC18,10.7,"SHANGHAI, SH",RCVD,GSL AFRICA,ZIM INTEGRATED SHIPPING AGENCIES (HK) LIMITED,KC18,LAEM CHABANG,25.05,20.02,,0.546,0.695
A8SN5,LIBERIA,CONTAINER,2025/05/13 23:00,2025/05/14 12:00,KC7,10.7,"SHEKOU, SHENZHEN",RCVD,ANL WAIKATO ,CMA CGM (HONG KONG) LIMITED,KC7,"NINGBO, ZJ",25.17,21.57,0.748,0.429,0.612
BQMV,CHINA,GENERAL / HEAVY LIFT CARGO,2025/05/13 23:00,2025/05/14 12:00,ELC,6.4,QINGDAO,RCVD,FU LIAN,COSCO SHIPPING CONTAINER LINE AGENCIES LIMITED,KC7,HAIPHONG,24.11,25.52,0.497,0.636,0.593
VRWN4,"HONG KONG, CHINA",CONTAINER,2025/05/14 02:00,2025/05/14 23:00,KC,10.3,SINGAPORE,RCVD,OOCL SAN FRANCISCO,OOCL HONG KONG BRANCH,KC,KAOHSIUNG,20.84,29.74,0.799,0.715,0.317
VRUN4,"HONG KONG, CHINA",CONTAINER,2025/05/14 00:01,2025/05/14 21:00,KC5,13.2,"SHANGHAI, SH",RCVD,ONE AMAZON,OCEAN NETWORK EXPRESS (EAST ASIA) LIMITED,KC5,SINGAPORE,22.76,26.84,0.64,0.584,0.637
9WUY7,MALAYSIA,CONTAINER,2025/05/14 07:00,2025/05/14 21:30,SELA,8.0,KUCHING,RCVD,HARBOUR HORIZON,HARBOUR-LINK LINES LIMITED ,KC2,"NANSHA, PANYU",15.87,32.23,0.556,0.357,
H3YG,PANAMA,CONTAINER,2025/05/13 22:00,2025/05/14 23:00,KC,8.8,KOTA KINABALU,RCVD,UNI-PREMIER,EVERGREEN MARINE (HONG KONG) LTD,KC,KAOHSIUNG,23.17,23.81,1.0,0.772,0.44
3E5147,PANAMA,BULK/ WOODCHIP/ CEMENT/ ORE CARRIER,2025/05/14 04:00,2025/05/14 15:00,SWLA,7.5,OPEN SEA,RCVD,SEA MAPLE,CGW LOGISTICS CO LIMITED,SWLA,"FANGCHENG, GX",15.99,33.17,0.415,0.963,0.32
VRCY6,"HONG KONG, CHINA",CONTAINER,2025/05/13 03:00,2025/05/14 23:00,KC10,9.2,"DALIAN, LN",RCVD,SEASPAN YINGKOU,EVERGREEN MARINE (HONG KONG) LTD,KC10,"NINGBO, ZJ",22.37,26.98,1.0,0.772,0.44
3E2170,PANAMA,GENERAL / HEAVY LIFT CARGO,2025/05/14 09:00,2025/05/14 18:00,PT,8.31,OPEN SEA,RCVD,APOLLO FIRST,VEROSA AGENCY LIMITED,SELA,YAWATA,13.11,41.08,0.677,,0.279
CQIU6,PORTUGAL,CONTAINER,2025/05/11 11:00,2025/05/14 17:30,S,7.5,LAEM CHABANG,RCVD,AS COLUMBIA,SINOTRANS (HK) SHIPPING LTD,KC17,"NANSHA, PANYU",22.81,28.34,0.763,0.851,0.366
HP9499,PANAMA,BULK/ WOODCHIP/ CEMENT/ ORE CARRIER,2025/05/14 06:00,2025/05/14 23:00,W,5.8,NAKHODKA,RCVD,HOLLY DEVELOPER,SGS HONG KONG LIMITED,SELA,"ZHANJIANG, GD",18.74,28.08,0.653,0.836,0.681
3E7558,PANAMA,CHEMICAL,2025/05/14 10:00,2025/05/15 18:43,SLA,7.2,"DONGGUAN, GD",RCVD,MARINA ARUNG,WALLEM SHIPPING (HK) LTD,SLA,"OTHER, CHINA (COAST)",20.73,30.31,0.993,0.722,0.758
V7A5825,MARSHALL ISLANDS,CONTAINER,2025/05/15 13:30,2025/05/15 09:34,S,8.8,"SHEKOU, SHENZHEN",RCVD,TS GUANGZHOU,T.S. LINES LIMITED,KC6,"SHEKOU, SHENZHEN",0.0,0.0,0.83,0.515,0.531
VRSK4,"HONG KONG, CHINA",CONTAINER,2025/05/12 00:01,2025/05/15 18:00,WL,13.8,"YANTIAN, SHENZHEN",RCVD,COSCO SHIPPING LOTUS,COSCO SHIPPING CONTAINER LINE AGENCIES LIMITED,KC14,KAOHSIUNG,22.7,26.85,0.497,0.636,0.593
V7AQ9,MARSHALL ISLANDS,BULK/ WOODCHIP/ CEMENT/ ORE CARRIER,2025/05/14 12:00,2025/05/15 10:14,E,11.0,OPEN SEA,RCVD,GENCO RELIANCE,WILHELMSEN PORT SERVICES (HONG KONG) LIMITED,SELA,"OTHER, CHINA (COAST)",25.7,27.35,0.608,0.709,0.353
3E7431,PANAMA,BULK/ WOODCHIP/ CEMENT/ ORE CARRIER,2025/05/13 18:00,2025/05/15 14:00,E,7.3,"TABONEO, INDONESIA",RCVD,HUI YUAN,SGS HONG KONG LIMITED,SELA,HUIZHOUGANG,22.44,24.2,0.653,0.836,0.681
5BCK2,CYPRUS,BULK/ WOODCHIP/ CEMENT/ ORE CARRIER,2025/05/12 08:00,2025/05/13 11:00,SELA,6.72,OPEN SEA,RCVD,MEGALOHARI,"UNITRANS AGENCY HONG KONG CO., LIMITED",SELA,"CHAOZHOU, GD",19.99,29.03,0.355,0.813,0.562
9HA5839,MALTA,CONTAINER,2025/05/12 07:00,2025/05/12 21:30,WL,9.02,"TIANJIN XINGANG, TJ",RCVD,CNC PUMA,CMA CGM ASIA SHIPPING PTE. LTD.,URMA,"OTHER, VIETNAM",14.68,32.45,0.714,0.643,0.881
VRWI3,"HONG KONG, CHINA",CONTAINER,2025/05/15 20:00,2025/05/13 12:00,KC14,11.5,"YANTIAN, SHENZHEN",RCVD,OOCL BAUHINIA,OOCL HONG KONG BRANCH,KC14,"YANTIAN, SHENZHEN",0.0,0.0,0.799,0.715,0.317
D7VN,REPUBLIC OF KOREA,CONTAINER,2025/05/12 21:00,2025/05/13 17:00,KC8,12.5,QINGDAO,RCVD,KMTC COLOMBO,KMTC (HK) CO LIMITED,KC8,KARACHI,21.76,31.02,0.607,0.554,0.216
VRUN6,"HONG KONG, CHINA",CONTAINER,2025/05/11 21:00,2025/05/13 21:00,KC2,14.6,SINGAPORE,RCVD,ONE PARANA,OCEAN NETWORK EXPRESS (EAST ASIA) LIMITED,KC2,"NINGBO, ZJ",22.45,25.81,0.64,0.584,0.637
3E8732,PANAMA,GENERAL / HEAVY LIFT CARGO,2025/05/12 23:00,2025/05/13 08:00,SWLA,7.1,BATAM,RCVD,HUI FENG HAI 17,CGW LOGISTICS CO LIMITED,SWLA,"TIANJIN XINGANG, TJ",29.64,17.57,0.415,0.963,0.32
9V6494,SINGAPORE,CONTAINER,2025/05/12 23:59,2025/05/13 18:00,KC6,11.1,KAOHSIUNG,RCVD,WAN HAI 325,HYALINE SHIPPING (HK) CO LTD,KC6,SINGAPORE,24.09,28.82,0.518,0.722,0.829
VRMV2,"HONG KONG, CHINA",CHEMICAL,2025/05/12 18:00,2025/05/13 08:00,SLA,6.3,"JIANGYIN, JS",RCVD,YUEHAI STAR,CGW LOGISTICS CO LIMITED,SLA,"DONGGUAN, GD",28.07,13.3,0.415,0.963,0.32
BLHP,"TAIWAN, CHINA",CONTAINER,2025/05/13 02:00,2025/05/13 23:59,KC7,8.4,KAOHSIUNG,RCVD,YM IMMENSE,YANG MING LINE (HONG KONG) LTD,KC7,HO CHI MINH CITY,21.82,29.56,0.456,0.55,0.91
9VFL3,SINGAPORE,CONTAINER,2025/05/12 16:00,2025/05/13 21:00,KC5,10.0,PORT KELANG,RCVD,ACX DIAMOND,OCEAN NETWORK EXPRESS (EAST ASIA) LIMITED,KC5,KEELUNG,23.36,24.44,0.64,0.584,0.637
3E5137,PANAMA,GENERAL / HEAVY LIFT CARGO,2025/05/10 23:00,2025/05/13 11:00,SWLA,5.0,"YANGJIANG, GD",RCVD,CHUNRONG 803,CGW LOGISTICS CO LIMITED,SWLA,"NANSHA, PANYU",23.82,24.7,0.415,0.963,0.32
VRBK8,"HONG KONG, CHINA",CONTAINER,2025/05/12 20:00,2025/05/13 08:00,FL,6.8,OPEN SEA,RCVD,OSG BOSSTEC,"UNITRANS AGENCY HONG KONG CO., LIMITED",PT,"SHEKOU, SHENZHEN",28.25,12.86,0.355,0.813,0.562
9LU2481,SIERRA LEONE,GENERAL / HEAVY LIFT CARGO,2025/05/11 23:59,2025/05/13 16:00,S,6.2,"QUANZHOU, FJ",RCVD,LIAN YUN 9,BRIGHT CAPITAL SHIPPING CO LIMITED,SWLA,TANJUNG PANDANG,23.42,28.04,0.853,0.588,0.635
3E7671,PANAMA,GENERAL / HEAVY LIFT CARGO,2025/05/13 23:00,2025/05/13 23:00,E,7.6,BINTULU,RCVD,FU LONG SHENG,CONCORD MARINE LIMITED,SELA,"BAYUQUAN, LN",0.0,0.0,1.0,0.721,0.614
BPAR,CHINA,CONTAINER,2025/05/13 09:00,2025/05/13 21:30,S,11.0,"XIAMEN, FJ",RCVD,XIN QING DAO,COSCO SHIPPING CONTAINER LINE AGENCIES LIMITED,KC12,LAEM CHABANG,18.74,33.39,0.497,0.636,0.593
9V7978,SINGAPORE,CONTAINER,2025/05/13 09:00,2025/05/13 23:00,S,12.7,"SHANGHAI, SH",RCVD,EVER FUTURE,EVERGREEN MARINE (HONG KONG) LTD,KC10,SINGAPORE,20.75,32.96,1.0,0.772,0.44
5LES7,LIBERIA,CONTAINER,2025/05/13 09:00,2025/05/13 23:00,S,9.1,"SHEKOU, SHENZHEN",RCVD,EVER ORIGIN,EVERGREEN MARINE (HONG KONG) LTD,KC7,HO CHI MINH CITY,17.99,30.73,1.0,0.772,0.44
9V7381,SINGAPORE,CONTAINER,2025/05/11 20:00,2025/05/12 08:00,KC13,10.6,TAICHUNG,RCVD,WAN HAI 353,HYALINE SHIPPING (HK) CO LTD,KC13,BUSAN,30.6,15.9,0.518,0.722,0.829
3EKO7,PANAMA,CHEMICAL,2025/05/11 01:00,2025/05/13 08:21,EMTY,11.83,"OTHER, VIETNAM",RCVD,GEMINI PEARL,MARITIME TRANSPORT AGENCY (HONG KONG) LIMITED,EMTY,"OTHER, KOREA, R",24.51,24.97,0.742,0.833,0.443
D7SB,REPUBLIC OF KOREA,CONTAINER,2025/05/12 00:01,2025/05/12 09:00,KC18,9.9,HAIPHONG,RCVD,DONGJIN VOYAGER,SINOTRANS (HK) SHIPPING LTD,KC18,"SHANGHAI, SH",30.5,21.86,0.763,0.851,0.366
D5TI7,LIBERIA,BULK/ WOODCHIP/ CEMENT/ ORE CARRIER,2025/05/11 23:30,2025/05/12 18:00,SWLA,7.1,"OTHER, RUSSIAN",RCVD,HONG RUN 6,P. M. S. HONG KONG LIMITED,SWLA,"OTHER, CHINA (COAST)",23.56,26.28,0.697,0.946,
3E2605,PANAMA,BULK/ WOODCHIP/ CEMENT/ ORE CARRIER,2025/05/11 23:59,2025/05/12 09:00,SWLA,6.9,OPEN SEA,RCVD,DS EXPRESS 178,"UNITRANS AGENCY HONG KONG CO., LIMITED",SWLA,"ZHENJIANG, JS",32.14,17.7,0.355,0.813,0.562
DSMA4,REPUBLIC OF KOREA,CONTAINER,2025/05/12 02:00,2025/05/12 23:00,PT,11.1,PORT KELANG,RCVD,KMTC TIANJIN,KMTC (HK) CO LIMITED,KC6,"SHANGHAI, SH",21.37,26.51,0.607,0.554,0.216
BRWT,CHINA,BULK/ WOODCHIP/ CEMENT/ ORE CARRIER,2025/05/11 23:00,2025/05/12 23:00,WL,7.1,GERALDTON,RCVD,GUANG MAO,SGS HONG KONG LIMITED,SWLA,GUANGZHOU,24.67,22.71,0.653,0.836,0.681
5LPH8,LIBERIA,CONTAINER,2025/05/12 06:00,2025/05/13 02:00,NCPBW,14.0,"YANTIAN, GD",RCVD,HUMBOLDT EXPRESS,PENAVICO (HONG KONG) LIMITED,KC5,VALPARAISO,20.29,31.29,1.0,0.482,0.977
VRUB8,"HONG KONG, CHINA",CONTAINER,2025/05/12 07:00,2025/05/12 23:00,WL,11.6,"YANTIAN, SHENZHEN",RCVD,EVER ORDER,EVERGREEN MARINE (HONG KONG) LTD,KC7,"FUQING, FJ",17.06,29.46,1.0,0.772,0.44
3E2779,PANAMA,BULK/ WOODCHIP/ CEMENT/ ORE CARRIER,2025/05/11 07:00,2025/05/12 14:00,W,7.5,SINGAPORE,RCVD,DE LONG,TEXCO MARINE AGENCY LIMITED,SWLA,"DONGGUAN, GD",20.41,28.45,0.769,0.651,0.704
5BEB4,CYPRUS,BULK/ WOODCHIP/ CEMENT/ ORE CARRIER,2025/05/12 05:00,2025/05/12 12:00,E,14.4,"ZHANJIANG, GD",RCVD,MARATHASSA,WELLS MARINE AGENCIES,SELA,NEWCASTLE,15.49,27.67,0.58,0.606,0.29
VRRH2,"HONG KONG, CHINA","TANKER (CRUDE,FUEL,DIESEL,LUB)",2025/05/12 08:00,2025/05/13 18:00,PAFF,11.9,SINGAPORE,RCVD,FOREVER GLORY,MARITIME TRANSPORT AGENCY (HONG KONG) LIMITED,PAFF,"DALIAN, LN",20.84,30.78,0.742,0.833,0.443
3E4003,PANAMA,CHEMICAL,2025/05/11 12:00,2025/05/12 15:10,W,9.0,OPEN SEA,RCVD,SUNFLYTE,OCEAN BASE CO LTD,SLA,"SHEKOU, SHENZHEN",23.04,29.26,0.58,0.668,0.62
D5WB7,LIBERIA,CONTAINER,2025/05/12 16:30,2025/05/13 09:00,LKTPBS,10.5,"SHEKOU, SHENZHEN",RCVD,MANET,OOCL HONG KONG BRANCH,KC6,PORT KLANG,28.66,21.69,0.799,0.715,0.317
9V6513,SINGAPORE,CONTAINER,2025/05/10 23:00,2025/05/11 12:00,KC6,9.7,"CHIWAN, SHENZHEN",RCVD,WAN HAI 293,HYALINE SHIPPING (HK) CO LTD,WA2,CAT LAI PORT,26.07,25.17,0.518,0.722,0.829
5LFU8,LIBERIA,CONTAINER,2025/05/16 05:30,2025/05/12 05:00,KC6,8.5,"SHEKOU, SHENZHEN",RCVD,WAN HAI 178,HYALINE SHIPPING (HK) CO LTD,KC6,HAIPHONG,0.0,0.0,0.518,0.722,0.829
5LCT5,LIBERIA,CONTAINER,2025/05/10 23:00,2025/05/12 14:00,KC11,9.2,"SHEKOU, SHENZHEN",RCVD,AS ANNE,OOCL HONG KONG BRANCH,KC11,TAICHUNG,23.89,25.73,0.799,0.715,0.317
BPPH3,CHINA,GENERAL / HEAVY LIFT CARGO,2025/05/11 04:00,2025/05/11 15:00,SWLA,8.6,LHOKSOUMAWE,RCVD,GUO SHUN 28,CGW LOGISTICS CO LIMITED,SWLA,"ZHENJIANG, JS",15.5,37.29,0.415,0.963,0.32
3FAT7,PANAMA,GENERAL / HEAVY LIFT CARGO,2025/05/10 18:00,2025/05/11 18:00,W,5.8,"OTHER, JAPAN",RCVD,JIAN RUI 7,EVER WIN INTERNATIONAL SHIPPING CO. LIMITED,SWLA,"OTHER, CHINA (COAST)",23.25,25.66,0.655,0.958,0.418
3E7593,PANAMA,GENERAL / HEAVY LIFT CARGO,2025/05/10 23:00,2025/05/11 14:00,S,6.5,"OTHER, KOREA, R",RCVD,TONGYUN12,CGW LOGISTICS CO LIMITED,SWLA,DUNG QUAT,22.6,27.41,0.415,0.963,0.32
3E7175,PANAMA,GENERAL / HEAVY LIFT CARGO,2025/05/10 23:00,2025/05/11 13:00,S,6.2,"OTHER, KOREA, R",RCVD,LAN HAI FANG ZHOU,CGW LOGISTICS CO LIMITED,SELA,"OTHER, VIETNAM",25.94,27.91,0.415,0.963,0.32
9M3120,MALAYSIA,CONTAINER,2025/05/11 07:00,2025/05/11 23:00,WL,8.5,SIHANOUK VILLE,RCVD,MTT PELEPAS,EVERGREEN MARINE (HONG KONG) LTD,KC6,"NINGBO, ZJ",21.13,31.07,1.0,0.772,0.44
D5ML2,LIBERIA,CONTAINER,2025/05/11 02:00,2025/05/11 22:00,E,10.25,HO CHI MINH CITY,RCVD,KMTC BANGKOK,KMTC (HK) CO LIMITED,KC9,PUSAN,20.82,28.23,0.607,0.554,0.216
2IEC6,ISLE OF MAN,BULK/ WOODCHIP/ CEMENT/ ORE CARRIER,2025/05/11 15:00,2025/05/12 15:00,W,8.67,PORT HEDLAND,RCVD,BERGE HENG SHAN,GULF AGENCY CO (HK) LTD,SELA,"SHEKOU, SHENZHEN",23.43,28.0,0.317,0.411,1.0
3FTB3,PANAMA,CONTAINER,2025/05/11 14:30,2025/05/10 23:00,KC9,6.4,"SHEKOU, SHENZHEN",RCVD,EVER CLEAR,EVERGREEN MARINE (HONG KONG) LTD,WA2,"SHEKOU, SHENZHEN",0.0,0.0,1.0,0.772,0.44
9V6516,SINGAPORE,CONTAINER,2025/05/11 11:30,2025/05/10 08:00,KC9,8.8,"SHEKOU, SHENZHEN",RCVD,WAN HAI 295,HYALINE SHIPPING (HK) CO LTD,KC9,"SHEKOU, SHENZHEN",0.0,0.0,0.518,0.722,0.829
V7A7436,MARSHALL ISLANDS,CONTAINER,2025/05/11 07:30,2025/05/11 09:24,KC7,8.3,"SHEKOU, SHENZHEN",RCVD,TS JOHOR,T.S. LINES LIMITED,KC7,"SHEKOU, SHENZHEN",14.28,33.94,0.83,0.515,0.531
VRNW3,"HONG KONG, CHINA","TANKER (CRUDE,FUEL,DIESEL,LUB)",2025/05/10 08:00,2025/05/10 16:00,PT,11.0,SINGAPORE,RCVD,NEW PEACE,WALLEM SHIPPING (HK) LTD,SLA,ZHOUSHAN,13.0,46.37,0.993,0.722,0.758
9LU2780,SIERRA LEONE,BULK/ WOODCHIP/ CEMENT/ ORE CARRIER,2025/05/10 08:00,2025/05/10 20:00,WL,6.9,OPEN SEA,RCVD,YONG SHUN,"UNITRANS AGENCY HONG KONG CO., LIMITED",SELA,"OTHER, CHINA (COAST)",15.18,38.34,0.355,0.813,0.562
OXCQ2,DENMARK,CONTAINER,2025/05/10 07:00,2025/05/10 23:00,WL,12.0,"SHANGHAI, SH",RCVD,SAN ANTONIO MAERSK,PENAVICO (HONG KONG) LIMITED,KC18,SINGAPORE,17.27,31.85,1.0,0.482,0.977
DSIJ9,REPUBLIC OF KOREA,"TANKER (CRUDE,FUEL,DIESEL,LUB)",2025/05/10 18:00,2025/05/11 04:00,E,6.3,ULSAN,RCVD,WOO JONG,PENAVICO (HONG KONG) LIMITED,SINO,"OTHER, CHINA (COAST)",31.63,12.36,1.0,0.482,0.977
9V7396,SINGAPORE,CONTAINER,2025/05/10 09:00,2025/05/10 23:00,W,9.5,"NINGBO, ZJ",RCVD,WAN HAI A01,HYALINE SHIPPING (HK) CO LTD,KC9,"SHEKOU, SHENZHEN",19.63,31.64,0.518,0.722,0.829
9VCB4,SINGAPORE,BULK/ WOODCHIP/ CEMENT/ ORE CARRIER,2025/05/10 12:00,2025/05/11 01:00,E,7.3,NEWCASTLE,RCVD,XH DEEP COVER,GRANDFAME SHIP MANAGEMENT LTD,SELA,HUIZHOUGANG,24.35,24.17,0.404,,0.652
9V7800,SINGAPORE,CONTAINER,2025/05/16 07:00,2025/05/16 15:00,WL,8.3,"SHEKOU, SHENZHEN",RCVD,EVER WIN,EVERGREEN MARINE (HONG KONG) LTD,PSSA,"SHANGHAI, SH",13.72,46.38,1.0,0.772,0.44
BPBY,CHINA,CONTAINER,2025/05/16 08:00,2025/05/16 23:00,S,11.2,"XINGANG, TIANJIN, TJ",RCVD,XIN DAN DONG,COSCO SHIPPING CONTAINER LINE AGENCIES LIMITED,SELA,"OTHER, VIETNAM",17.38,32.88,0.497,0.636,0.593
